"it_g","bd_g","thrConf_g","nr_added_exs_g"
1,1,0.9,38
2,1,0.744444444444444,65
1,2,0.9,179
2,2,0.867320261437908,0
